time_ms,iso,mode,command,reply_chars,notifications,link_bytes,largest,ms,ok,note,reply
1789040083484,2026-09-10T15:34:43.484,v4621,ATZ,15,1,16,16,962,1,,E32715
1789040083545,2026-09-10T15:34:43.546,v4621,ATD,9,1,10,10,61,1,,AD
1789040083604,2026-09-10T15:34:43.604,v4621,ATE0,9,1,10,10,57,1,,AE0
1789040083664,2026-09-10T15:34:43.665,v4621,ATL0,4,1,5,5,60,1,,
1789040083724,2026-09-10T15:34:43.724,v4621,ATH0,4,1,5,5,58,1,,
1789040083785,2026-09-10T15:34:43.785,v4621,ATS0,4,1,5,5,61,1,,
1789040083843,2026-09-10T15:34:43.843,v4621,ATAL,4,1,5,5,57,1,,
1789040083904,2026-09-10T15:34:43.904,v4621,ATAT2,4,1,5,5,60,1,,
1789040083965,2026-09-10T15:34:43.966,v4621,ATST19,4,1,5,5,61,1,,
1789040084025,2026-09-10T15:34:44.025,v4621,ATSP6,4,1,5,5,59,1,,
1789040084204,2026-09-10T15:34:44.204,v4621,ATFCSH6A8,4,1,5,5,60,1,,
1789040084265,2026-09-10T15:34:44.265,v4621,ATFCSD300000,4,1,5,5,61,1,,
1789040084325,2026-09-10T15:34:44.325,v4621,ATFCSM1,4,1,5,5,59,1,,
1789040084505,2026-09-10T15:34:44.505,v4621,81,8,2,9,7,179,1,,C1D08F
1789040084686,2026-09-10T15:34:44.687,v4621,21B08001,14,2,15,13,181,1,,61FF00040001
1789040084897,2026-09-10T15:34:44.897,v4621,21B08001,14,2,15,13,180,1,,61FF00040001
1789040085045,2026-09-10T15:34:45.046,v4621,21C08001,182,10,183,20,147,1,,61FF02F18E7400DF00DF00DF00DFFFFFFFFFFFFFFFFF00FF01FF0116FFFF00FF
1789040085193,2026-09-10T15:34:45.194,v4621,21C18001,84,5,85,20,147,1,,61FF02F08E7474745663636363FFFF64646464FFFF74FFFFFFFFFFFFFFFFFFFF
1789040085347,2026-09-10T15:34:45.348,v4621,21C28001,182,10,183,20,153,1,,61FF02FA8E5A1414FFFFFF005510100202003C01B764FF64FF0001FFFFFF4C39
1789040085436,2026-09-10T15:34:45.436,v4621,21C48001,65,4,66,20,87,1,,61FF02F48F7B2F7CDE7CD67ED57B2FFFFFFFFFFFFFFFFFFF
1789040085557,2026-09-10T15:34:45.558,v4621,21CA8001,112,6,113,20,120,1,,61FF02F702F58E74000027001400000000FE140008FF00000000FF0800044105
1789040085736,2026-09-10T15:34:45.736,v4621,21CB8001,150,9,151,20,177,1,,61FF02F78E5A74FFFFFF0000150000000104FFFFFF002A01F401F301F3FFFFFF
1789040085828,2026-09-10T15:34:45.829,v4621,21CF00,42,4,43,20,91,1,,61CF0000000013021400002F0332
1789040085948,2026-09-10T15:34:45.948,v4621,21C08001,182,10,183,20,104,1,,61FF02EB8E7400DD00DD00DD00DDFFFFFFFFFFFFFFFF01FF01FF02ABFFFF01FF
1789040086093,2026-09-10T15:34:46.094,v4621,21C18001,84,5,85,20,142,1,,61FF02F48E7474745663636363FFFF64646464FFFF74FFFFFFFFFFFFFFFFFFFF
1789040086243,2026-09-10T15:34:46.244,v4621,21C28001,182,10,183,20,148,1,,61FF02F78F5A1415FFFFFF005510100202003C01B664FF64FF0001FFFFFF4C39
1789040086336,2026-09-10T15:34:46.337,v4621,21C48001,65,4,66,20,90,1,,61FF02FB8F7B307CC87CD37ED47B30FFFFFFFFFFFFFFFFFF
1789040086457,2026-09-10T15:34:46.458,v4621,21CA8001,112,6,113,20,119,1,,61FF02F902F58E74000027001400000000FE140008FF00000000FF0800044105
1789040086577,2026-09-10T15:34:46.578,v4621,21CB8001,150,8,151,20,118,1,,61FF02F98E5A74FFFFFF0000150000000104FFFFFF002A01F401F301F2FFFFFF
1789040086726,2026-09-10T15:34:46.726,v4621,21C08001,182,10,183,20,116,1,,61FF02EF8E7400DF00DF00DF00DFFFFFFFFFFFFFFFFF01FF01FF02BFFFFF00FF
1789040086873,2026-09-10T15:34:46.874,v4621,21C18001,84,5,85,20,145,1,,61FF02F78F7474745561616161FFFF64646464FFFF74FFFFFFFFFFFFFFFFFFFF
1789040087055,2026-09-10T15:34:47.055,v4621,21C28001,182,10,183,20,179,1,,61FF02F78F5A1415FFFFFF005610100202003C01B764FF64FF0001FFFFFF4C39
1789040087176,2026-09-10T15:34:47.176,v4621,21CA8001,112,6,113,20,119,1,,61FF02F402F58E74000027001400000000FE140008FF00000000FF0800044105
1789040087328,2026-09-10T15:34:47.328,v4621,21C08001,182,10,183,20,129,1,,61FF02FD8F7400DE00DE00DE00DEFFFFFFFFFFFFFFFF01FF01FF02A6FFFF01FF
1789040087445,2026-09-10T15:34:47.445,v4621,21C18001,84,6,85,20,114,1,,61FF02F48E7474745663636363FFFF64646464FFFF74FFFFFFFFFFFFFFFFFFFF
1789040087568,2026-09-10T15:34:47.569,v4621,21C28001,182,10,183,20,121,1,,61FF02FC8E5A1414FFFFFF005510100202003C01B764FF64FF0001FFFFFF4C39
1789040087655,2026-09-10T15:34:47.656,v4621,21C48001,65,4,66,20,84,1,,61FF02EF8E7B337CE67CDB7ED17B33FFFFFFFFFFFFFFFFFF
1789040087778,2026-09-10T15:34:47.778,v4621,21CA8001,112,6,113,20,120,1,,61FF02F202F58E74000027001400000000FE140008FF00000000FF0800044105
1789040087926,2026-09-10T15:34:47.927,v4621,21C08001,182,10,183,20,123,1,,61FF02EF8E7400DE00DE00DE00DEFFFFFFFFFFFFFFFF01FF01FF027FFFFF01FF
1789040088073,2026-09-10T15:34:48.074,v4621,21C18001,84,5,85,20,144,1,,61FF02EF8E7474745662626262FFFF64646464FFFF74FFFFFFFFFFFFFFFFFFFF
1789040088212,2026-09-10T15:34:48.212,v4621,21C28001,182,10,183,20,136,1,,61FF02F48E5A1415FFFFFF005510100202003C01B764FF64FF0001FFFFFF4C39
1789040088361,2026-09-10T15:34:48.362,v4621,21CA8001,112,6,113,20,147,1,,61FF02FD02F58E74000027001400000000FE140008FF00000000FF0800044105
1789040088481,2026-09-10T15:34:48.482,v4621,21CB8001,150,8,151,20,117,1,,61FF02F78E5A74FFFFFF0000150000000104FFFFFF002A01F401F301F3FFFFFF
1789040088630,2026-09-10T15:34:48.631,v4621,21C08001,182,10,183,20,126,1,,61FF02F48E7400E000E000E000E0FFFFFFFFFFFFFFFF01FF01FF026CFFFF00FF
1789040088720,2026-09-10T15:34:48.720,v4621,21C18001,84,5,85,20,86,1,,61FF02F88E7474745660606060FFFF64646464FFFF74FFFFFFFFFFFFFFFFFFFF
1789040088872,2026-09-10T15:34:48.873,v4621,21C28001,182,10,183,20,150,1,,61FF02EE8E5A1414FFFFFF005410100202003C01B764FF64FF0001FFFFFF4C39
1789040088962,2026-09-10T15:34:48.963,v4621,21C48001,65,4,66,20,87,1,,61FF02F28E7B337CDB7CD77ED17B33FFFFFFFFFFFFFFFFFF
1789040089082,2026-09-10T15:34:49.082,v4621,21CA8001,112,7,113,20,117,1,,61FF02ED02F58E74000027001400000000FE140008FF00000000FF0800044105
1789040089260,2026-09-10T15:34:49.261,v4621,21C08001,182,10,183,20,152,1,,61FF02F68E7400E100E100E100E1FFFFFFFFFFFFFFFF01FF01FF02B0FFFF01FF
1789040089380,2026-09-10T15:34:49.381,v4621,21C18001,84,5,85,20,117,1,,61FF02F18E7474745662626262FFFF64646464FFFF74FFFFFFFFFFFFFFFFFFFF
1789040089531,2026-09-10T15:34:49.532,v4621,21C28001,182,10,183,20,148,1,,61FF02F48E5A1415FFFFFF005510100202003C01B564FF64FF0001FFFFFF4C39
1789040089681,2026-09-10T15:34:49.681,v4621,21CA8001,112,6,113,20,147,1,,61FF02F502F58E74000027001400000000FE140008FF00000000FF0800044105
1789040089832,2026-09-10T15:34:49.832,v4621,21C08001,182,10,183,20,125,1,,61FF02F78E7400E000E000E000E0FFFFFFFFFFFFFFFF01FF01FF02A6FFFF01FF
1789040089921,2026-09-10T15:34:49.922,v4621,21C18001,84,5,85,20,87,1,,61FF02F98E7474745661616161FFFF64646464FFFF74FFFFFFFFFFFFFFFFFFFF
1789040090073,2026-09-10T15:34:50.073,v4621,21C28001,182,10,183,20,149,1,,61FF02F18E5A1414FFFFFF005410100202003C01B764FF64FF0001FFFFFF4C39
1789040090162,2026-09-10T15:34:50.163,v4621,21C48001,65,4,66,20,87,1,,61FF02F88E7B337CCE7CD87ED17B33FFFFFFFFFFFFFFFFFF
1789040090282,2026-09-10T15:34:50.282,v4621,21CA8001,112,6,113,20,117,1,,61FF02F602F58F74000027001400000000FE140008FF00000000FF0800044105
1789040090431,2026-09-10T15:34:50.431,v4621,21CB8001,150,8,151,20,147,1,,61FF02F48F5A74FFFFFF0000150000000103FFFFFF002A01F401F301F3FFFFFF
1789040090641,2026-09-10T15:34:50.641,v4621,21C08001,182,10,183,20,185,1,,61FF02F98E7400E500E500E500E5FFFFFFFFFFFFFFFF00FF01FF0075FFFF00FF
1789040090763,2026-09-10T15:34:50.763,v4621,21C18001,84,5,85,20,119,1,,61FF02F08E7474745663636363FFFF64646464FFFF74FFFFFFFFFFFFFFFFFFFF
1789040090914,2026-09-10T15:34:50.914,v4621,21C28001,182,10,183,20,149,1,,61FF02F98E5A1414FFFFFF005510100202003C01B764FF64FF0001FFFFFF4C39
1789040091059,2026-09-10T15:34:51.059,v4621,21CA8001,112,6,113,20,142,1,,61FF02F402F48E74000027001400000000FE140008FF00000000FF0800044105
1789040091212,2026-09-10T15:34:51.212,v4621,21C08001,182,10,183,20,126,1,,61FF02F18E7400E200E200E200E2FFFFFFFFFFFFFFFF01FF01FF02BFFFFF00FF
1789040091302,2026-09-10T15:34:51.302,v4621,21C18001,84,5,85,20,87,1,,61FF02F48F7474745662626262FFFF64646464FFFF74FFFFFFFFFFFFFFFFFFFF
1789040091452,2026-09-10T15:34:51.452,v4621,21C28001,182,10,183,20,147,1,,61FF02F68E5A1415FFFFFF005510100202003C01B664FF64FF0001FFFFFF4C39
1789040091542,2026-09-10T15:34:51.543,v4621,21C48001,65,4,66,20,88,1,,61FF02F08E7B337CE27CDB7ED17B33FFFFFFFFFFFFFFFFFF
1789040091661,2026-09-10T15:34:51.661,v4621,21CA8001,112,6,113,20,116,1,,61FF02EA02F48E74000027001400000000FE140008FF00000000FF0800044105
1789040091813,2026-09-10T15:34:51.813,v4621,21C08001,182,10,183,20,126,1,,61FF02F78E7400E000E000E000E0FFFFFFFFFFFFFFFF01FF01FF0245FFFF01FF
1789040091903,2026-09-10T15:34:51.903,v4621,21C18001,84,5,85,20,87,1,,61FF02EF8F7474745562626262FFFF64646464FFFF74FFFFFFFFFFFFFFFFFFFF
1789040092082,2026-09-10T15:34:52.082,v4621,21C28001,182,10,183,20,176,1,,61FF02FA8E5A1415FFFFFF005610100202003C01B764FF64FF0001FFFFFF4C39
1789040092203,2026-09-10T15:34:52.204,v4621,21CA8001,112,6,113,20,118,1,,61FF02F602F48E74000027001400000000FE140008FF00000000FF0800044105
1789040092323,2026-09-10T15:34:52.323,v4621,21CB8001,150,8,151,20,117,1,,61FF02F68F5A74FFFFFF0000150000000104FFFFFF002A01F401F301F3FFFFFF
1789040092474,2026-09-10T15:34:52.474,v4621,21C08001,182,10,183,20,126,1,,61FF02F78E7500E100E100E100E1FFFFFFFFFFFFFFFF00FF01FF0083FFFF00FF
1789040092561,2026-09-10T15:34:52.561,v4621,21C18001,84,5,85,20,85,1,,61FF02FA8F7574745661616161FFFF64646464FFFF74FFFFFFFFFFFFFFFFFFFF
1789040092711,2026-09-10T15:34:52.711,v4621,21C28001,182,10,183,20,148,1,,61FF02F98E5A1414FFFFFF005510100202003C01B664FF64FF0001FFFFFF4C39
1789040092803,2026-09-10T15:34:52.804,v4621,21C48001,65,4,66,20,90,1,,61FF02FB8E7B327CD17CC27ED27B32FFFFFFFFFFFFFFFFFF
1789040092923,2026-09-10T15:34:52.923,v4621,21CA8001,112,6,113,20,118,1,,61FF02F102F48E75000027001400000000FE140008FF00000000FF0800044105
1789040093071,2026-09-10T15:34:53.071,v4621,21C08001,182,10,183,20,124,1,,61FF02F38F7500E200E200E200E2FFFFFFFFFFFFFFFF00FF01FF0075FFFF00FF
1789040093163,2026-09-10T15:34:53.163,v4621,21C18001,84,5,85,20,89,1,,61FF02F78E7574745662626262FFFF64646464FFFF74FFFFFFFFFFFFFFFFFFFF
1789040093311,2026-09-10T15:34:53.311,v4621,21C28001,182,10,183,20,145,1,,61FF02F88E5A1414FFFFFF005510100202003C01B664FF64FF0001FFFFFF4C39
1789040093460,2026-09-10T15:34:53.461,v4621,21CA8001,112,6,113,20,147,1,,61FF02F602F48E75000027001400000000FE140008FF00000000FF0800044105
1789040093611,2026-09-10T15:34:53.611,v4621,21C08001,182,10,183,20,123,1,,61FF02F68E7500E300E300E300E3FFFFFFFFFFFFFFFF00FF01FF0097FFFF00FF
1789040093701,2026-09-10T15:34:53.702,v4621,21C18001,84,5,85,20,88,1,,61FF02F08F7574745562626262FFFF64646464FFFF74FFFFFFFFFFFFFFFFFFFF
1789040093852,2026-09-10T15:34:53.852,v4621,21C28001,182,10,183,20,148,1,,61FF02F48D5A1415FFFFFF005510100202003C01B764FF64FF0001FFFFFF4C39
1789040093941,2026-09-10T15:34:53.941,v4621,21C48001,65,4,66,20,87,1,,61FF02F18E7B337CE67CD17ED17B33FFFFFFFFFFFFFFFFFF
1789040094092,2026-09-10T15:34:54.092,v4621,21CA8001,112,7,113,20,148,1,,61FF02F202F38E75000027001400000000FE140008FF00000000FF0800044105
1789040094211,2026-09-10T15:34:54.212,v4621,21CB8001,150,8,151,20,118,1,,61FF02EA8E5A75FFFFFF0000150000000102FFFFFF002A01F401F301F2FFFFFF
1789040094451,2026-09-10T15:34:54.451,v4621,21C08001,182,10,183,20,214,1,,61FF02E98E7500D700D700D700D7FFFFFFFFFFFFFFFF01FF01FF01C1FFFF00FF
1789040094542,2026-09-10T15:34:54.543,v4621,21C18001,84,5,85,20,90,1,,61FF02E68F7574745566666666FFFF64646464FFFF74FFFFFFFFFFFFFFFFFFFF
1789040094722,2026-09-10T15:34:54.722,v4621,21C28001,182,10,183,20,178,1,,61FF02F88E5A1515FFFFFF005611100202003C01B664FF64FF0001FFFFFF4C39
1789040094868,2026-09-10T15:34:54.869,v4621,21CA8001,112,6,113,20,145,1,,61FF02F102F38F75000027001400000000FE140008FF00000000FF0800044105
1789040095083,2026-09-10T15:34:55.083,v4621,21C08001,182,10,183,20,188,1,,61FF02F48E7500DE00DE00DE00DEFFFFFFFFFFFFFFFF00FF01FF0049FFFF00FF
1789040095229,2026-09-10T15:34:55.230,v4621,21C18001,84,5,85,20,144,1,,61FF02F68E7574745561616161FFFF64646464FFFF74FFFFFFFFFFFFFFFFFFFF
1789040095382,2026-09-10T15:34:55.383,v4621,21C28001,182,10,183,20,151,1,,61FF02F08E5A1515FFFFFF005511100202003C01B664FF64FF0001FFFFFF4C39
1789040095530,2026-09-10T15:34:55.531,v4621,21C48001,65,4,66,20,146,1,,61FF02F18D7B347CFA7CCA7ED07B34FFFFFFFFFFFFFFFFFF
1789040095678,2026-09-10T15:34:55.679,v4621,21CA8001,112,6,113,20,146,1,,61FF02FB02F38F75000027001400000000FE140008FF00000000FF0800044105
1789040095834,2026-09-10T15:34:55.834,v4621,21C08001,182,10,183,20,130,1,,61FF02EF8E7500DF00DF00DF00DFFFFFFFFFFFFFFFFF00FF01FF0049FFFF00FF
1789040095922,2026-09-10T15:34:55.922,v4621,21C18001,84,5,85,20,85,1,,61FF02F78E7574745562626262FFFF64646464FFFF74FFFFFFFFFFFFFFFFFFFF
1789040096071,2026-09-10T15:34:56.072,v4621,21C28001,182,10,183,20,147,1,,61FF02F18F5A1515FFFFFF005510100202003C01B664FF64FF0001FFFFFF4C39
1789040096220,2026-09-10T15:34:56.221,v4621,21CA8001,112,6,113,20,146,1,,61FF02F002F38E75000027001400000000FE140008FF00000000FF0800044105
1789040096341,2026-09-10T15:34:56.342,v4621,21CB8001,150,8,151,20,119,1,,61FF02F38E5A75FFFFFF0000150000000103FFFFFF002A01F401F301F2FFFFFF
1789040096492,2026-09-10T15:34:56.493,v4621,21C08001,182,10,183,20,124,1,,61FF02F58F7500DD00DD00DD00DDFFFFFFFFFFFFFFFF00FF01FF0044FFFF00FF
1789040096581,2026-09-10T15:34:56.581,v4621,21C18001,84,5,85,20,86,1,,61FF02F08E7574745563636363FFFF64646464FFFF74FFFFFFFFFFFFFFFFFFFF
1789040096734,2026-09-10T15:34:56.734,v4621,21C28001,182,10,183,20,150,1,,61FF02F48E5A1415FFFFFF005510100202003C01B664FF64FF0001FFFFFF4C39
1789040096822,2026-09-10T15:34:56.822,v4621,21C48001,65,4,66,20,86,1,,61FF02F38E7B337CEC7CE27ED17B33FFFFFFFFFFFFFFFFFF
1789040096943,2026-09-10T15:34:56.943,v4621,21CA8001,112,6,113,20,118,1,,61FF02F902F38E75000027001400000000FE140008FF00000100FF0800044105
1789040097091,2026-09-10T15:34:57.092,v4621,21C08001,182,10,183,20,121,1,,61FF02F88E7500E100E100E100E1FFFFFFFFFFFFFFFF00FF01FF0049FFFF00FF
1789040097183,2026-09-10T15:34:57.183,v4621,21C18001,84,5,85,20,89,1,,61FF02FD8E7574745560606060FFFF64646464FFFF74FFFFFFFFFFFFFFFFFFFF
1789040097331,2026-09-10T15:34:57.332,v4621,21C28001,182,10,183,20,146,1,,61FF02F18E5A1515FFFFFF005511100202003C01B764FF64FF0001FFFFFF4C39
1789040097480,2026-09-10T15:34:57.481,v4621,21CA8001,112,6,113,20,147,1,,61FF02F302F38E75000027001400000000FE140008FF00000100FF0800044105
1789040097631,2026-09-10T15:34:57.632,v4621,21C08001,182,10,183,20,128,1,,61FF02F08C7500F000F000F000F0FFFFFFFFFFFFFFFF00FF01FF004EFFFF00FF
1789040097723,2026-09-10T15:34:57.724,v4621,21C18001,84,5,85,20,90,1,,61FF02F28F7573735260606060FFFF64646464FFFF73FFFFFFFFFFFFFFFFFFFF
1789040097871,2026-09-10T15:34:57.871,v4621,21C28001,182,10,183,20,145,1,,61FF02EE8E5A1616FFFFFF005912100202003D01B564FF64FF0001FFFFFF4C39
1789040097962,2026-09-10T15:34:57.962,v4621,21C48001,65,4,66,20,88,1,,61FF02F68E7F917CD87CE17ED57F91FFFFFFFFFFFFFFFFFF
1789040098080,2026-09-10T15:34:58.081,v4621,21CA8001,112,6,113,20,116,1,,61FF030F02F38E75000042001F004F0042FE140008FF00000100FF0800044105
1789040098205,2026-09-10T15:34:58.205,v4621,21CB8001,150,8,151,20,122,1,,61FF04378E5A75FFFFFF0000150000000102FFFFFF002A01F401F301F1FFFFFF
1789040098351,2026-09-10T15:34:58.351,v4621,21C08001,182,10,183,20,118,1,,61FF06578E750203020302030203FFFFFFFFFFFFFFFF01FF01FF02F4FFFF01FF
1789040098442,2026-09-10T15:34:58.443,v4621,21C18001,84,5,85,20,88,1,,61FF07E08E757E7E407A7A7A7AFFFF64646464FFFF7EFFFFFFFFFFFFFFFFFFFF
1789040098593,2026-09-10T15:34:58.594,v4621,21C28001,182,10,183,20,149,1,,61FF088A8F5A0E15FFFFFF00F60B0F0505004701AB64FF64FF0001FFFFFF4C39
1789040098739,2026-09-10T15:34:58.740,v4621,21CA8001,112,6,113,20,143,1,,61FF082102F38F7500005500290088007AFE140008FF00000100FF0800044105
1789040098893,2026-09-10T15:34:58.893,v4621,21C08001,182,10,183,20,125,1,,61FF06FF8E7500C500C500C500C5FFFFFFFFFFFFFFFF00FF01FF0022FFFF00FF
1789040098983,2026-09-10T15:34:58.983,v4621,21C18001,84,5,85,20,88,1,,61FF06968E758080527C7C7C7CFFFF64646464FFFF80FFFFFFFFFFFFFFFFFFFF
1789040099131,2026-09-10T15:34:59.132,v4621,21C28001,182,10,183,20,146,1,,61FF064E8D5A221AFFFFFF00F2171208080054019E64FF64FF0001FFFFFF4C39
1789040099221,2026-09-10T15:34:59.221,v4621,21C48001,65,5,66,20,88,1,,61FF06148D7F717E7C7E7B7EBA7F71FFFFFFFFFFFFFFFFFF
1789040099343,2026-09-10T15:34:59.343,v4621,21CA8001,112,6,113,20,120,1,,61FF061602F38D7500006A003300C800BAFE140008FF00000100FF0800044105
1789040099492,2026-09-10T15:34:59.492,v4621,21C08001,182,10,183,20,123,1,,61FF06598D750260026002600260FFFFFFFFFFFFFFFF00FF01FF0049FFFF00FF
1789040099583,2026-09-10T15:34:59.583,v4621,21C18001,84,5,85,20,88,1,,61FF06B38E7679794079797979FFFF64646464FFFF79FFFFFFFFFFFFFFFFFFFF
1789040099731,2026-09-10T15:34:59.732,v4621,21C28001,182,10,183,20,146,1,,61FF07088E5A292FFFFFFF01BE191C0A0B0060019271FF74FF1D01FFFFFF4C39
1789040099880,2026-09-10T15:34:59.881,v4621,21CA8001,112,6,113,20,146,1,,61FF077D02F28C7600007B003B00FA00E9FE140008FF00000100FF0800044105
1789040100032,2026-09-10T15:35:00.032,v4621,21CB8001,150,9,151,20,150,1,,61FF076B8D5A76FFFFFF0000150000000100FFFFFF002A01F401F301F2FFFFFF
1789040100213,2026-09-10T15:35:00.213,v4621,21C08001,182,10,183,20,153,1,,61FF07298D76020F020F020F020FFFFFFFFFFFFFFFFF01FF01FF02E6FFFF01FF
1789040100303,2026-09-10T15:35:00.303,v4621,21C18001,84,5,85,20,87,1,,61FF06EF8E767A7A4077777777FFFF64646464FFFF7AFFFFFFFFFFFFFFFFFFFF
1789040100450,2026-09-10T15:35:00.451,v4621,21C28001,182,10,183,20,145,1,,61FF06D78D5A2C2CFFFFFF01A31E1D0C0C0065018D69FF64FF5D01FFFFFF4C39
1789040100543,2026-09-10T15:35:00.544,v4621,21C48001,65,4,66,20,90,1,,61FF06D58D8001805380537EBC8001FFFFFFFFFFFFFFFFFF
1789040100661,2026-09-10T15:35:00.662,v4621,21CA8001,112,6,113,20,115,1,,61FF06CA02F28D7600007B003B00F800E9FE140008FF00000100FF0800044105
1789040100811,2026-09-10T15:35:00.812,v4621,21C08001,182,10,183,20,122,1,,61FF068E8D7602A202A202A202A2FFFFFFFFFFFFFFFF01FF01FF02CDFFFF01FF
1789040100900,2026-09-10T15:35:00.901,v4621,21C18001,84,5,85,20,86,1,,61FF066B8D7676764076767676FFFF64646464FFFF76FFFFFFFFFFFFFFFFFFFF
1789040101053,2026-09-10T15:35:01.053,v4621,21C28001,182,10,183,20,150,1,,61FF06728D5A3335FFFFFF01DC1E1E0D0D0069018A7BFF7AFF2501FFFFFF4C39
1789040101199,2026-09-10T15:35:01.199,v4621,21CA8001,112,6,113,20,143,1,,61FF06B102F18E76020070003600D800C9FE140008FF00000100FF0800044105
1789040101353,2026-09-10T15:35:01.353,v4621,21C08001,182,10,183,20,130,1,,61FF06C28E7601E101E101E101E1FFFFFFFFFFFFFFFF01FF01FF0308FFFF01FF
1789040101441,2026-09-10T15:35:01.441,v4621,21C18001,84,5,85,20,85,1,,61FF06608E7679794076767676FFFF64646464FFFF79FFFFFFFFFFFFFFFFFFFF
1789040101590,2026-09-10T15:35:01.591,v4621,21C28001,182,10,183,20,147,1,,61FF065B8E5A3838FFFFFF020222220F11007A017782FF70FF5E01FFFFFF4C39
1789040101681,2026-09-10T15:35:01.682,v4621,21C48001,65,4,66,20,88,1,,61FF07358E7FF380F980F47EAD7FF3FFFFFFFFFFFFFFFFFF
1789040101829,2026-09-10T15:35:01.829,v4621,21CA8001,112,6,113,20,145,1,,61FF076B02F18E7603007D003C00FF00F2FE140008FF00000100FF0800044105
1789040101955,2026-09-10T15:35:01.955,v4621,21CB8001,150,8,151,20,123,1,,61FF07188E5A76FFFFFF0000150000000100FFFFFF002A01F401F301F1FFFFFF
1789040102131,2026-09-10T15:35:02.131,v4621,21C08001,182,10,183,20,150,1,,61FF06748F7602E702E702E702E7FFFFFFFFFFFFFFFF00FF01FF0049FFFF00FF
1789040102222,2026-09-10T15:35:02.223,v4621,21C18001,84,5,85,20,88,1,,61FF06A28F7676764074747474FFFF64646464FFFF76FFFFFFFFFFFFFFFFFFFF
1789040102401,2026-09-10T15:35:02.401,v4621,21C28001,182,10,183,20,176,1,,61FF06E28E5A2E33FFFFFF01DC1B1D0B0B0064018D78FF7AFF2101FFFFFF4C39
1789040102552,2026-09-10T15:35:02.553,v4621,21CA8001,112,6,113,20,148,1,,61FF06DC02F18E7606007D003C00FF00EFFE140008FF00000100FF0800044105
1789040102731,2026-09-10T15:35:02.732,v4621,21C08001,182,10,183,20,151,1,,61FF067E8E7602A602A602A602A6FFFFFFFFFFFFFFFF00FF01FF0083FFFF01FF
1789040102822,2026-09-10T15:35:02.822,v4621,21C18001,84,5,85,20,87,1,,61FF065B8E7675754075757575FFFF64646464FFFF75FFFFFFFFFFFFFFFFFFFF
1789040102971,2026-09-10T15:35:02.972,v4621,21C28001,182,10,183,20,146,1,,61FF06528E5A3F3BFFFFFF022B242213130083016E88FF81FF0001FFFFFF4C39
1789040103062,2026-09-10T15:35:03.062,v4621,21C48001,65,4,66,20,88,1,,61FF06988E82658229822B7E638265FFFFFFFFFFFFFFFFFF
1789040103181,2026-09-10T15:35:03.182,v4621,21CA8001,112,6,113,20,117,1,,61FF06B602F18F760800910046013B0129FE140008FF00000100FF0800044105
1789040103333,2026-09-10T15:35:03.333,v4621,21C08001,182,10,183,20,124,1,,61FF06C58E7603DE03DE03DE03DEFFFFFFFFFFFFFFFF01FF01FF02F9FFFF01FF
1789040103424,2026-09-10T15:35:03.424,v4621,21C18001,84,5,85,20,88,1,,61FF06B38F7675754073737373FFFF64646464FFFF75FFFFFFFFFFFFFFFFFFFF
1789040103572,2026-09-10T15:35:03.572,v4621,21C28001,182,10,183,20,146,1,,61FF06748E5A3F41FFFFFF0245242413130082016E88FF8AFF2701FFFFFF4C39
1789040103720,2026-09-10T15:35:03.721,v4621,21CA8001,112,6,113,20,145,1,,61FF068A02F18E760C0090004501360126FE140008FF00000000FF0800044105
1789040103840,2026-09-10T15:35:03.841,v4621,21CB8001,150,8,151,20,117,1,,61FF06F48E5A76FFFFFF0000160000000100FFFFFF002B01F401F301F3FFFFFF
1789040103992,2026-09-10T15:35:03.992,v4621,21C08001,182,10,183,20,125,1,,61FF07508D76039D039D039D039DFFFFFFFFFFFFFFFF00FF01FF0053FFFF00FF
1789040104081,2026-09-10T15:35:04.081,v4621,21C18001,84,5,85,20,86,1,,61FF079A8E767777406D6D6D6DFFFF64646464FFFF77FFFFFFFFFFFFFFFFFFFF
1789040104231,2026-09-10T15:35:04.232,v4621,21C28001,182,10,183,20,148,1,,61FF07D68E5A3B3DFFFFFF0297232313130084016E88FF89FF2A01FFFFFF4C39
1789040104321,2026-09-10T15:35:04.322,v4621,21C48001,65,4,66,20,87,1,,61FF08288E81AC81FA81E97E7581ACFFFFFFFFFFFFFFFFFF
1789040104470,2026-09-10T15:35:04.471,v4621,21CA8001,112,6,113,20,147,1,,61FF085E02F18E760F0091004601390129FE140008FF00000000FF0800044105
1789040104651,2026-09-10T15:35:04.651,v4621,21C08001,182,10,183,20,153,1,,61FF08B88E760313031303130313FFFFFFFFFFFFFFFF01FF01FF02F4FFFF01FF
1789040104742,2026-09-10T15:35:04.743,v4621,21C18001,84,5,85,20,88,1,,61FF090B8E767A7A417A7A7A7AFFFF64646464FFFF7AFFFFFFFFFFFFFFFFFFFF
1789040104891,2026-09-10T15:35:04.891,v4621,21C28001,182,10,183,20,146,1,,61FF093F8E593338FFFFFF02C41C1F0F100075017C84FF87FF2101FFFFFF4C39
1789040105038,2026-09-10T15:35:05.039,v4621,21CA8001,112,6,113,20,144,1,,61FF094D02F08E7611008A004201250115FE140008FF00000000FF0800044105
1789040105221,2026-09-10T15:35:05.222,v4621,21C08001,182,11,183,20,155,1,,61FF09A38E76024B024B024B024BFFFFFFFFFFFFFFFF01FF01FF02E1FFFF01FF
1789040105342,2026-09-10T15:35:05.343,v4621,21C18001,84,5,85,20,119,1,,61FF09A38E767C7C427C7C7C7CFFFF64646464FFFF7CFFFFFFFFFFFFFFFFFFFF
1789040105492,2026-09-10T15:35:05.492,v4621,21C28001,182,10,183,20,147,1,,61FF09FE8E592C2EFFFFFF02821A1B0E0F007001816FFF71FF2201FFFFFF4C39
1789040105582,2026-09-10T15:35:05.583,v4621,21C48001,65,4,66,20,87,1,,61FF09C28E7FA07FE87FCE7E757FA0FFFFFFFFFFFFFFFFFF
1789040105703,2026-09-10T15:35:05.704,v4621,21CA8001,112,6,113,20,119,1,,61FF09DD02F08F76120080003E010800F8FE140008FF00000000FF0800044105
1789040105821,2026-09-10T15:35:05.822,v4621,21CB8001,150,8,151,20,115,1,,61FF0A158E5976FFFFFF0000160000000100FFFFFF002A01F401F301F2FFFFFF
1789040105975,2026-09-10T15:35:05.976,v4621,21C08001,182,10,183,20,126,1,,61FF09CD8F7601B601B601B601B6FFFFFFFFFFFFFFFF01FF01FF01DEFFFF01FF
1789040106063,2026-09-10T15:35:06.063,v4621,21C18001,84,5,85,20,84,1,,61FF09F38F767E7E417E7E7E7EFFFF64646464FFFF7EFFFFFFFFFFFFFFFFFFFF
1789040106212,2026-09-10T15:35:06.212,v4621,21C28001,182,10,183,20,146,1,,61FF0A1A8E592525FFFFFF020D18180C0C0068018A64FF64FF0001FFFFFF4C39
1789040106331,2026-09-10T15:35:06.332,v4621,21CA8001,112,6,113,20,117,1,,61FF09F302F08F76120084003F01140103FE140008FF00000000FF0800044105
1789040106511,2026-09-10T15:35:06.511,v4621,21C08001,182,10,183,20,152,1,,61FF0A0F8E7601DA01DA01DA01DAFFFFFFFFFFFFFFFF00FF01FF0097FFFF01FF
1789040106605,2026-09-10T15:35:06.605,v4621,21C18001,84,5,85,20,90,1,,61FF0A208E767E7E407E7E7E7EFFFF64646464FFFF7EFFFFFFFFFFFFFFFFFFFF
1789040106751,2026-09-10T15:35:06.751,v4621,21C28001,182,10,183,20,144,1,,61FF0A1A8F592B2AFFFFFF024F1C1B0E0E006E018366FF64FF0001FFFFFF4C39
1789040106842,2026-09-10T15:35:06.843,v4621,21C48001,65,4,66,20,88,1,,61FF0A498E805C806C80867E42805CFFFFFFFFFFFFFFFFFF
1789040106962,2026-09-10T15:35:06.962,v4621,21CA8001,112,6,113,20,118,1,,61FF0A6702EF8E7712008F004501350123FE140008FF00000000FF0800044105
1789040107113,2026-09-10T15:35:07.113,v4621,21C08001,182,10,183,20,123,1,,61FF0A6D8E7702A702A702A702A7FFFFFFFFFFFFFFFF00FF01FF005CFFFF00FF
1789040107204,2026-09-10T15:35:07.205,v4621,21C18001,84,5,85,20,88,1,,61FF0AB28E777B7B4678787878FFFF64646464FFFF7BFFFFFFFFFFFFFFFFFFFF
1789040107352,2026-09-10T15:35:07.353,v4621,21C28001,182,10,183,20,146,1,,61FF0AD28E593335FFFFFF03181C1D1111007C01757EFF7EFF3201FFFFFF4C39
1789040107501,2026-09-10T15:35:07.501,v4621,21CA8001,112,6,113,20,145,1,,61FF0AEC02EE8E7713009A004A01550144FE140008FF00000000FF0800044105
1789040107623,2026-09-10T15:35:07.623,v4621,21CB8001,150,8,151,20,120,1,,61FF0B388F5977FFFFFF0000160000000101FFFFFF002A01F401F301F4FFFFFF
1789040107771,2026-09-10T15:35:07.772,v4621,21C08001,182,10,183,20,121,1,,61FF0B878E7702C502C502C502C5FFFFFFFFFFFFFFFF00FF01FF0044FFFF00FF
1789040107863,2026-09-10T15:35:07.864,v4621,21C18001,84,5,85,20,89,1,,61FF0B9E8F777C7C4D7C7C7C7CFFFF64646464FFFF7CFFFFFFFFFFFFFFFFFFFF
1789040108011,2026-09-10T15:35:08.012,v4621,21C28001,182,10,183,20,145,1,,61FF0BCC8F593133FFFFFF03431B1C1111007C01757BFF7DFF2A01FFFFFF4C39
1789040108101,2026-09-10T15:35:08.101,v4621,21C48001,65,4,66,20,87,1,,61FF0C148E80EB813481347E4B80EBFFFFFFFFFFFFFFFFFF
1789040108223,2026-09-10T15:35:08.223,v4621,21CA8001,112,6,113,20,120,1,,61FF0C1C02EE8E7715009B004B01580147FE140008FF00000000FF0800044105
1789040108401,2026-09-10T15:35:08.402,v4621,21C08001,182,11,183,20,153,1,,61FF0C568E770281028102810281FFFFFFFFFFFFFFFF00FF01FF0083FFFF00FF
1789040108520,2026-09-10T15:35:08.521,v4621,21C18001,84,5,85,20,116,1,,61FF0C678F777C7C507C7C7C7CFFFF64646464FFFF7CFFFFFFFFFFFFFFFFFFFF
1789040108673,2026-09-10T15:35:08.673,v4621,21C28001,182,10,183,20,150,1,,61FF0C818F582E30FFFFFF03401A1B1111007B017778FF79FF2B01FFFFFF4C39
1789040108819,2026-09-10T15:35:08.819,v4621,21CA8001,112,6,113,20,144,1,,61FF0CDB02EE8E77160094004801470135FE140008FF00000000FF0800044105
1789040108973,2026-09-10T15:35:08.973,v4621,21C08001,182,10,183,20,128,1,,61FF0CAE8F7801B701B701B701B7FFFFFFFFFFFFFFFF01FF01FF0325FFFF01FF
1789040109063,2026-09-10T15:35:09.063,v4621,21C18001,84,5,85,20,87,1,,61FF0CC98F7880804073737373FFFF64646464FFFF80FFFFFFFFFFFFFFFFFFFF
1789040109213,2026-09-10T15:35:09.214,v4621,21C28001,182,10,183,20,148,1,,61FF0C818F580D18FFFFFF018C0A110606004E01A464FF64FF0001FFFFFF4C39
1789040109302,2026-09-10T15:35:09.303,v4621,21C48001,65,4,66,20,86,1,,61FF0B808F7BB17BB17BAC7E537BB1FFFFFFFFFFFFFFFFFF
1789040109422,2026-09-10T15:35:09.423,v4621,21CA8001,112,6,113,20,118,1,,61FF0ABE02EE8F78160027001400000000FE140008FF00000100FF0800044105
1789040109546,2026-09-10T15:35:09.546,v4621,21CB8001,150,8,151,20,121,1,,61FF09F38F5878FFFFFF0000160000000100FFFFFF002A01F401F301F3FFFFFF
1789040109691,2026-09-10T15:35:09.691,v4621,21C08001,182,10,183,20,118,1,,61FF09078F780000000000000000FFFFFFFFFFFFFFFF00FF00FF0004FFFF00FF
1789040109782,2026-09-10T15:35:09.782,v4621,21C18001,84,5,85,20,88,1,,61FF08348F788A8A5D5D5D5D5DFFFF64646464FFFF8AFFFFFFFFFFFFFFFFFFFF
1789040109933,2026-09-10T15:35:09.933,v4621,21C28001,182,10,183,20,148,1,,61FF078A8E580E0FFFFFFF00A50A0B0404004401AE64FF64FF0001FFFFFF4C39
1789040110053,2026-09-10T15:35:10.054,v4621,21CA8001,112,7,113,20,118,1,,61FF06B802EE8F78150027001400000000FE140008FF00000100FF0800044105
1789040110233,2026-09-10T15:35:10.233,v4621,21C08001,182,10,183,20,151,1,,61FF05B18F78010B010B010B010BFFFFFFFFFFFFFFFF00FF00FF0000FFFF00FF
1789040110323,2026-09-10T15:35:10.324,v4621,21C18001,84,5,85,20,88,1,,61FF05A38E788F8F517D7D7D7DFFFF64646464FFFF8FFFFFFFFFFFFFFFFFFFFF
1789040110470,2026-09-10T15:35:10.470,v4621,21C28001,182,10,183,20,144,1,,61FF05C78F58120FFFFFFF007F0C0B0404004401AF64FF64FF0001FFFFFF4C39
1789040110561,2026-09-10T15:35:10.562,v4621,21C48001,65,4,66,20,89,1,,61FF05F98E7D357CF47CE97E797D35FFFFFFFFFFFFFFFFFF
1789040110683,2026-09-10T15:35:10.684,v4621,21CA8001,112,6,113,20,120,1,,61FF061E02EE8F7814004500210059004EFE140008FF00000100FF0800044105
1789040110864,2026-09-10T15:35:10.865,v4621,21C08001,182,10,183,20,154,1,,61FF065D8F7800E200E200E200E2FFFFFFFFFFFFFFFF01FF00FF0365FFFF01FF
1789040110981,2026-09-10T15:35:10.982,v4621,21C18001,84,5,85,20,114,1,,61FF06918F7886865284848484FFFF64646464FFFF86FFFFFFFFFFFFFFFFFFFF
1789040111133,2026-09-10T15:35:11.133,v4621,21C28001,182,10,183,20,149,1,,61FF06988F580E10FFFFFF008E0A0B0303004101B164FF64FF0001FFFFFF4C39
1789040111281,2026-09-10T15:35:11.281,v4621,21CA8001,112,6,113,20,145,1,,61FF068E02EE8E78130027001400000000FE140008FF00000100FF0800044105
1789040111401,2026-09-10T15:35:11.401,v4621,21CB8001,150,8,151,20,117,1,,61FF06598F5878FFFFFF0000160000000100FFFFFF002A01F401F301F2FFFFFF
1789040111581,2026-09-10T15:35:11.582,v4621,21C08001,182,10,183,20,154,1,,61FF06148F7800B000B000B000B0FFFFFFFFFFFFFFFF01FF01FF032FFFFF01FF
1789040111703,2026-09-10T15:35:11.703,v4621,21C18001,84,6,85,20,118,1,,61FF05B78F788989546F6F6F6FFFFF64646464FFFF89FFFFFFFFFFFFFFFFFFFF
1789040111852,2026-09-10T15:35:11.852,v4621,21C28001,182,10,183,20,146,1,,61FF05618F580D0EFFFFFF00670A0A0202003E01B564FF64FF0001FFFFFF4C39
1789040111943,2026-09-10T15:35:11.943,v4621,21C48001,65,4,66,20,88,1,,61FF04F48E7B597BE27BEA7EAC7B59FFFFFFFFFFFFFFFFFF
1789040112062,2026-09-10T15:35:12.063,v4621,21CA8001,112,6,113,20,117,1,,61FF048202EE8E78110027001400000000FE140008FF00010100FF0800044105
1789040112211,2026-09-10T15:35:12.211,v4621,21C08001,182,10,183,20,120,1,,61FF04038E7800A000A000A000A0FFFFFFFFFFFFFFFF01FF01FF02BFFFFF01FF
1789040112302,2026-09-10T15:35:12.302,v4621,21C18001,84,5,85,20,88,1,,61FF03CA8E7883836A82828282FFFF64646464FFFF83FFFFFFFFFFFFFFFFFFFF
1789040112481,2026-09-10T15:35:12.481,v4621,21C28001,182,10,183,20,176,1,,61FF03A28E58150EFFFFFF004B0F0B0302003E01B564FF64FF0001FFFFFF4C39
1789040112602,2026-09-10T15:35:12.602,v4621,21CA8001,112,6,113,20,116,1,,61FF037502EE8D780E0027001400000000FE140008FF00010100FF0800044105
1789040112754,2026-09-10T15:35:12.754,v4621,21C08001,182,10,183,20,126,1,,61FF035A8B7800F000F000F000F0FFFFFFFFFFFFFFFF01FF01FF02F9FFFF01FF
1789040112841,2026-09-10T15:35:12.842,v4621,21C18001,84,5,85,20,84,1,,61FF03478A7877775D6C6C6C6CFFFF64646464FFFF77FFFFFFFFFFFFFFFFFFFF
1789040112993,2026-09-10T15:35:12.994,v4621,21C28001,182,10,183,20,149,1,,61FF03388B581613FFFFFF0056100E0202003E01B564FF64FF0001FFFFFF4C39
1789040113080,2026-09-10T15:35:13.081,v4621,21C48001,65,4,66,20,85,1,,61FF03288D7B357CFA7D067ED17B35FFFFFFFFFFFFFFFFFF
1789040113202,2026-09-10T15:35:13.202,v4621,21CA8001,112,6,113,20,119,1,,61FF032202EE8E780C0027001400000000FE140008FF00000100FF0800044105
1789040113323,2026-09-10T15:35:13.323,v4621,21CB8001,150,9,151,20,118,1,,61FF031F8D5878FFFFFF0000160000000308FFFFFF002A01F401F301F3FFFFFF
1789040113501,2026-09-10T15:35:13.502,v4621,21C08001,182,10,183,20,151,1,,61FF031A8D78011E011E011E011EFFFFFFFFFFFFFFFF01FF01FF0356FFFF01FF
1789040113623,2026-09-10T15:35:13.623,v4621,21C18001,84,5,85,20,118,1,,61FF03098B7873735263636363FFFF64646464FFFF73FFFFFFFFFFFFFFFFFFFF
1789040113773,2026-09-10T15:35:13.774,v4621,21C28001,182,10,183,20,148,1,,61FF03038B581615FFFFFF005911100202003D01B664FF64FF0001FFFFFF4C39
1789040113922,2026-09-10T15:35:13.922,v4621,21CA8001,112,6,113,20,146,1,,61FF02FB02EE8D780B0027001400000000FE140008FF00000100FF0800044105
1789040114075,2026-09-10T15:35:14.076,v4621,21C08001,182,10,183,20,126,1,,61FF03108F780115011501150115FFFFFFFFFFFFFFFF01FF01FF0365FFFF01FF
1789040114163,2026-09-10T15:35:14.164,v4621,21C18001,84,5,85,20,85,1,,61FF03178E787373525F5F5F5FFFFF64646464FFFF73FFFFFFFFFFFFFFFFFFFF
1789040114308,2026-09-10T15:35:14.309,v4621,21C28001,182,10,183,20,142,1,,61FF03178F591515FFFFFF005C10100202003D01B564FF64FF0001FFFFFF4C39
1789040114401,2026-09-10T15:35:14.402,v4621,21C48001,65,4,66,20,90,1,,61FF0312897B157CB27C917EF17B15FFFFFFFFFFFFFFFFFF
1789040114521,2026-09-10T15:35:14.522,v4621,21CA8001,112,6,113,20,117,1,,61FF031102EE86780B0027001400000000FE140008FF00000100FF0800044105
1789040114675,2026-09-10T15:35:14.675,v4621,21C08001,182,10,183,20,127,1,,61FF0306847800FE00FE00FE00FEFFFFFFFFFFFFFFFF01FF01FF0360FFFF01FF
1789040114761,2026-09-10T15:35:14.761,v4621,21C18001,84,5,85,20,83,1,,61FF02F8857874745662626262FFFF64646464FFFF74FFFFFFFFFFFFFFFFFFFF
1789040114913,2026-09-10T15:35:14.914,v4621,21C28001,182,10,183,20,149,1,,61FF02EE86591414FFFFFF0052100F0202003C01B764FF64FF0001FFFFFF4C39
1789040115058,2026-09-10T15:35:15.058,v4621,21CA8001,112,7,113,20,142,1,,61FF02E602EE87780B0027001400000000FE140008FF00000100FF0800044105
1789040115183,2026-09-10T15:35:15.184,v4621,21CB8001,150,8,151,20,123,1,,61FF02DE865978FFFFFF0000160000000102FFFFFF002A01F401F301F2FFFFFF
1789040115361,2026-09-10T15:35:15.362,v4621,21C08001,182,10,183,20,149,1,,61FF02D687780106010601060106FFFFFFFFFFFFFFFF01FF01FF034CFFFF01FF
1789040115480,2026-09-10T15:35:15.481,v4621,21C18001,84,5,85,20,116,1,,61FF02CA877872724E70707070FFFF64646464FFFF72FFFFFFFFFFFFFFFFFFFF
1789040115634,2026-09-10T15:35:15.634,v4621,21C28001,182,10,183,20,151,1,,61FF02C88E591C17FFFFFF005D15110303004001B364FF64FF0001FFFFFF4C39
1789040115721,2026-09-10T15:35:15.722,v4621,21C48001,65,4,66,20,84,1,,61FF02E18C7B107D047D4E7EF67B10FFFFFFFFFFFFFFFFFF
1789040115842,2026-09-10T15:35:15.843,v4621,21CA8001,112,6,113,20,118,1,,61FF02DD02EE8D780B0027001400000000FE140008FF00010100FF0800044105
1789040115992,2026-09-10T15:35:15.993,v4621,21C08001,182,10,183,20,124,1,,61FF02E88B780140014001400140FFFFFFFFFFFFFFFF01FF01FF0339FFFF01FF
1789040116082,2026-09-10T15:35:16.083,v4621,21C18001,84,5,85,20,87,1,,61FF02E68B787171445F5F5F5FFFFF64646464FFFF71FFFFFFFFFFFFFFFFFFFF
1789040116232,2026-09-10T15:35:16.233,v4621,21C28001,182,10,183,20,147,1,,61FF02E48E59191AFFFFFF006713130303003E01B464FF64FF0001FFFFFF4C39
1789040116379,2026-09-10T15:35:16.380,v4621,21CA8001,112,6,113,20,144,1,,61FF02F802EE8D780A0027001300000000FE140008FF00010100FF0800044105
1789040116533,2026-09-10T15:35:16.534,v4621,21C08001,182,10,183,20,127,1,,61FF03078E78012C012C012C012CFFFFFFFFFFFFFFFF01FF01FF032FFFFF01FF
1789040116622,2026-09-10T15:35:16.622,v4621,21C18001,84,5,85,20,86,1,,61FF03058D797171455C5C5C5CFFFF64646464FFFF71FFFFFFFFFFFFFFFFFFFF
1789040116802,2026-09-10T15:35:16.802,v4621,21C28001,182,11,183,20,178,1,,61FF02FD8C591618FFFFFF006511120202003E01B564FF64FF0001FFFFFF4C39
1789040116950,2026-09-10T15:35:16.951,v4621,21C48001,65,4,66,20,146,1,,61FF02ED8E7B087D037CE27EFE7B08FFFFFFFFFFFFFFFFFF
1789040117072,2026-09-10T15:35:17.073,v4621,21CA8001,112,6,113,20,119,1,,61FF02F502EE8E79080027001400000000FE140008FF00010100FF0800044105
1789040117193,2026-09-10T15:35:17.194,v4621,21CB8001,150,8,151,20,118,1,,61FF02F28E5979FFFFFF0000160000000104FFFFFF002A01F401F301F2FFFFFF
1789040117374,2026-09-10T15:35:17.374,v4621,21C08001,182,10,183,20,153,1,,61FF02F58E790105010501050105FFFFFFFFFFFFFFFF01FF01FF0312FFFF01FF
1789040117492,2026-09-10T15:35:17.493,v4621,21C18001,84,5,85,20,116,1,,61FF02F48E7972724D5E5E5E5EFFFF64646464FFFF72FFFFFFFFFFFFFFFFFFFF
1789040117612,2026-09-10T15:35:17.612,v4621,21C28001,182,10,183,20,117,1,,61FF02EC8C591517FFFFFF005C10110202003D01B664FF64FF0001FFFFFF4C39
1789040117760,2026-09-10T15:35:17.761,v4621,21CA8001,112,6,113,20,146,1,,61FF02EB02EE8D79060027001400000000FE140008FF00010100FF0800044105
1789040117911,2026-09-10T15:35:17.911,v4621,21C08001,182,10,183,20,124,1,,61FF02EC8E7900F000F000F000F0FFFFFFFFFFFFFFFF01FF01FF02FEFFFF01FF
1789040118000,2026-09-10T15:35:18.001,v4621,21C18001,84,5,85,20,86,1,,61FF02EE8E7973735262626262FFFF64646464FFFF73FFFFFFFFFFFFFFFFFFFF
1789040118151,2026-09-10T15:35:18.151,v4621,21C28001,182,10,183,20,148,1,,61FF02EF8E591516FFFFFF005811100202003D01B664FF64FF0001FFFFFF4C39
1789040118240,2026-09-10T15:35:18.241,v4621,21C48001,65,4,66,20,86,1,,61FF02E38D7B297D227CE97EDD7B29FFFFFFFFFFFFFFFFFF
1789040118391,2026-09-10T15:35:18.392,v4621,21CA8001,112,7,113,20,149,1,,61FF02F202EE8D79030027001400000000FE140008FF00010100FF0800044105
1789040118571,2026-09-10T15:35:18.572,v4621,21C08001,182,10,183,20,156,1,,61FF02E88E7900FA00FA00FA00FAFFFFFFFFFFFFFFFF00FF01FF00C3FFFF01FF
1789040118663,2026-09-10T15:35:18.663,v4621,21C18001,84,5,85,20,88,1,,61FF02EA8E7973735062626262FFFF64646464FFFF73FFFFFFFFFFFFFFFFFFFF
1789040118812,2026-09-10T15:35:18.812,v4621,21C28001,182,10,183,20,147,1,,61FF02ED8E591616FFFFFF005A11110202003D01B664FF64FF0001FFFFFF4C39
1789040118960,2026-09-10T15:35:18.960,v4621,21CA8001,112,6,113,20,145,1,,61FF02EF02EE8E79010027001400000000FE140008FF00010100FF0800044105
1789040119111,2026-09-10T15:35:19.112,v4621,21CB8001,150,8,151,20,149,1,,61FF02E48E5979FFFFFF0000160000000102FFFFFF002A01F401F301F2FFFFFF
1789040119294,2026-09-10T15:35:19.295,v4621,21C08001,182,10,183,20,157,1,,61FF02E58D790105010501050105FFFFFFFFFFFFFFFF00FF01FF0053FFFF00FF
1789040119381,2026-09-10T15:35:19.382,v4621,21C18001,84,5,85,20,84,1,,61FF02E08D7972724D62626262FFFF64646464FFFF72FFFFFFFFFFFFFFFFFFFF
1789040119532,2026-09-10T15:35:19.533,v4621,21C28001,182,10,183,20,149,1,,61FF02DC8D591717FFFFFF005B12110202003D01B664FF64FF0001FFFFFF4C39
1789040119621,2026-09-10T15:35:19.621,v4621,21C48001,65,4,66,20,86,1,,61FF02E28E7B247D187D2B7EE27B24FFFFFFFFFFFFFFFFFF
1789040119771,2026-09-10T15:35:19.771,v4621,21CA8001,112,6,113,20,148,1,,61FF02E402EE8D79000027001400000000FE140008FF00000100FF0800044105
1789040119951,2026-09-10T15:35:19.951,v4621,21C08001,182,10,183,20,152,1,,61FF02E88D790115011501150115FFFFFFFFFFFFFFFF00FF01FF0053FFFF00FF
1789040120042,2026-09-10T15:35:20.043,v4621,21C18001,84,5,85,20,89,1,,61FF02D4897971714764646464FFFF64646464FFFF71FFFFFFFFFFFFFFFFFFFF
1789040120193,2026-09-10T15:35:20.193,v4621,21C28001,182,11,183,20,148,1,,61FF02D289591B19FFFFFF006215130303003F01B364FF64FF0001FFFFFF4C39
1789040120311,2026-09-10T15:35:20.311,v4621,21CA8001,112,6,113,20,115,1,,61FF02E102EE8E7900003500190028001CFE140008FF00000100FF0800044105
1789040120492,2026-09-10T15:35:20.493,v4621,21C08001,182,10,183,20,154,1,,61FF03258D79034F034F034F034FFFFFFFFFFFFFFFFF00FF01FF0053FFFF00FF
1789040120581,2026-09-10T15:35:20.581,v4621,21C18001,84,5,85,20,85,1,,61FF046A8E797171406D6D6D6DFFFF64646464FFFF71FFFFFFFFFFFFFFFFFFFF
1789040120731,2026-09-10T15:35:20.731,v4621,21C28001,182,10,183,20,148,1,,61FF060E8D591D30FFFFFF016D131D0707005001A272FF73FF0001FFFFFF4C39
1789040120821,2026-09-10T15:35:20.822,v4621,21C48001,65,4,66,20,87,1,,61FF07A48C7CD67E6D7E577F007CD6FFFFFFFFFFFFFFFFFF
1789040120942,2026-09-10T15:35:20.942,v4621,21CA8001,112,6,113,20,118,1,,61FF07DD02EE8D790000520027007F0074FE140008FF00000100FF0800044105
1789040121064,2026-09-10T15:35:21.065,v4621,21CB8001,150,9,151,20,120,1,,61FF07B18D5A79FFFFFF0000160000000100FFFFFF002A01F401F301F2FFFFFF
1789040121213,2026-09-10T15:35:21.214,v4621,21C08001,182,10,183,20,123,1,,61FF07138C7900EF00EF00EF00EFFFFFFFFFFFFFFFFF00FF01FF0035FFFF01FF
1789040121302,2026-09-10T15:35:21.302,v4621,21C18001,84,5,85,20,86,1,,61FF06828E797D7D4079797979FFFF64646464FFFF7DFFFFFFFFFFFFFFFFFFFF
1789040121451,2026-09-10T15:35:21.451,v4621,21C28001,182,10,183,20,146,1,,61FF06228E591C19FFFFFF00DE14110707005001A264FF64FF0001FFFFFF4C39
1789040121571,2026-09-10T15:35:21.572,v4621,21CA8001,112,6,113,20,117,1,,61FF05C202EE8D7900004F00260075006BFE140008FF00000100FF0800044105
1789040121752,2026-09-10T15:35:21.752,v4621,21C08001,182,10,183,20,157,1,,61FF057B8D790197019701970197FFFFFFFFFFFFFFFF00FF01FF003AFFFF00FF
1789040121842,2026-09-10T15:35:21.843,v4621,21C18001,84,5,85,20,88,1,,61FF056F8D797878406D6D6D6DFFFF64646464FFFF78FFFFFFFFFFFFFFFFFFFF
1789040121991,2026-09-10T15:35:21.992,v4621,21C28001,182,10,183,20,146,1,,61FF056C8D5A2121FFFFFF00FE18180707005301A064FF64FF0001FFFFFF4C39
1789040122083,2026-09-10T15:35:22.083,v4621,21C48001,65,4,66,20,89,1,,61FF05628E7E5E7E5B7E577ED87E5EFFFFFFFFFFFFFFFFFF
1789040122203,2026-09-10T15:35:22.204,v4621,21CA8001,112,6,113,20,118,1,,61FF055902EE8E790100500026007A006EFE140008FF00000100FF0800044105
1789040122353,2026-09-10T15:35:22.354,v4621,21C08001,182,10,183,20,122,1,,61FF056A8E7901DA01DA01DA01DAFFFFFFFFFFFFFFFF00FF01FF005CFFFF00FF
1789040122445,2026-09-10T15:35:22.445,v4621,21C18001,84,5,85,20,89,1,,61FF056F8E7978784066666666FFFF64646464FFFF78FFFFFFFFFFFFFFFFFFFF
1789040122590,2026-09-10T15:35:22.591,v4621,21C28001,182,10,183,20,143,1,,61FF05768E5A2023FFFFFF010617180707005101A164FF64FF0001FFFFFF4C39
1789040122710,2026-09-10T15:35:22.711,v4621,21CA8001,112,6,113,20,117,1,,61FF058902EE8E7902005000260078006EFE140008FF00000100FF0800044105
1789040123001,2026-09-10T15:35:23.002,v4621,21CB8001,150,8,151,20,117,1,,61FF058E8E5A79FFFFFF0000160000000101FFFFFF002A01F401F301F2FFFFFF
1789040134548,2026-09-10T15:35:34.549,v4621,21C08001,0,0,0,0,11538,0,,
1789040134829,2026-09-10T15:35:34.830,v4621,21C18001,9,1,10,10,205,0,,DAA
1789040135011,2026-09-10T15:35:35.012,v4621,21C28001,9,1,10,10,181,0,,DAA
1789040135193,2026-09-10T15:35:35.193,v4621,21C48001,9,1,10,10,180,0,,DAA
1789040135371,2026-09-10T15:35:35.371,v4621,21CA8001,9,1,10,10,177,0,,DAA
1789040135552,2026-09-10T15:35:35.552,v4621,21C08001,9,1,10,10,164,0,,DAA
1789040135733,2026-09-10T15:35:35.733,v4621,21C18001,9,1,10,10,180,0,,DAA
1789040135908,2026-09-10T15:35:35.908,v4621,21C28001,9,1,10,10,174,0,,DAA
1789040136088,2026-09-10T15:35:36.089,v4621,21CA8001,9,1,10,10,179,0,,DAA
1789040136271,2026-09-10T15:35:36.271,v4621,21C08001,9,1,10,10,167,0,,DAA
1789040136452,2026-09-10T15:35:36.453,v4621,21C18001,9,1,10,10,180,0,,DAA
1789040136630,2026-09-10T15:35:36.631,v4621,21C28001,9,1,10,10,177,0,,DAA
1789040136811,2026-09-10T15:35:36.812,v4621,21C48001,9,1,10,10,180,0,,DAA
1789040136992,2026-09-10T15:35:36.992,v4621,21CA8001,9,1,10,10,179,0,,DAA
1789040137168,2026-09-10T15:35:37.169,v4621,21CB8001,9,1,10,10,175,0,,DAA
1789040137351,2026-09-10T15:35:37.351,v4621,21C08001,9,1,10,10,165,0,,DAA
1789040137531,2026-09-10T15:35:37.531,v4621,21C18001,9,1,10,10,179,0,,DAA
1789040137711,2026-09-10T15:35:37.712,v4621,21C28001,9,1,10,10,179,0,,DAA
1789040137890,2026-09-10T15:35:37.890,v4621,21CA8001,9,1,10,10,178,0,,DAA
1789040138073,2026-09-10T15:35:38.073,v4621,21C08001,9,1,10,10,163,0,,DAA
1789040138252,2026-09-10T15:35:38.253,v4621,21C18001,9,1,10,10,178,0,,DAA
1789040138429,2026-09-10T15:35:38.429,v4621,21C28001,9,1,10,10,175,0,,DAA
1789040138612,2026-09-10T15:35:38.613,v4621,21C48001,9,1,10,10,182,0,,DAA
1789040138792,2026-09-10T15:35:38.793,v4621,21CA8001,9,1,10,10,179,0,,DAA
1789040138972,2026-09-10T15:35:38.973,v4621,21C08001,9,1,10,10,161,0,,DAA
1789040139152,2026-09-10T15:35:39.153,v4621,21C18001,9,1,10,10,179,0,,DAA
1789040139331,2026-09-10T15:35:39.331,v4621,21C28001,9,1,10,10,177,0,,DAA
1789040139512,2026-09-10T15:35:39.513,v4621,21CA8001,9,1,10,10,181,0,,DAA
1789040139691,2026-09-10T15:35:39.692,v4621,21CB8001,9,1,10,10,178,0,,DAA
1789040139869,2026-09-10T15:35:39.869,v4621,21C08001,9,1,10,10,158,0,,DAA
1789040140051,2026-09-10T15:35:40.051,v4621,21C18001,9,1,10,10,180,0,,DAA
1789040140231,2026-09-10T15:35:40.231,v4621,21C28001,9,1,10,10,179,0,,DAA
1789040140412,2026-09-10T15:35:40.413,v4621,21C48001,9,2,10,8,180,0,,DAA
1789040140590,2026-09-10T15:35:40.591,v4621,21CA8001,9,1,10,10,177,0,,DAA
1789040140772,2026-09-10T15:35:40.773,v4621,21C08001,9,1,10,10,163,0,,DAA
1789040140949,2026-09-10T15:35:40.950,v4621,21C18001,9,1,10,10,175,0,,DAA
1789040141133,2026-09-10T15:35:41.134,v4621,21C28001,9,1,10,10,183,0,,DAA
1789040141310,2026-09-10T15:35:41.311,v4621,21CA8001,9,1,10,10,176,0,,DAA
1789040141492,2026-09-10T15:35:41.492,v4621,21C08001,9,1,10,10,161,0,,DAA
1789040141673,2026-09-10T15:35:41.674,v4621,21C18001,9,1,10,10,181,0,,DAA
1789040141850,2026-09-10T15:35:41.851,v4621,21C28001,9,1,10,10,176,0,,DAA
1789040142032,2026-09-10T15:35:42.033,v4621,21C48001,9,1,10,10,181,0,,DAA
1789040142213,2026-09-10T15:35:42.214,v4621,21CA8001,9,1,10,10,180,0,,DAA
1789040142390,2026-09-10T15:35:42.390,v4621,21CB8001,9,1,10,10,175,0,,DAA
1789040142571,2026-09-10T15:35:42.571,v4621,21C08001,9,1,10,10,161,0,,DAA
1789040142781,2026-09-10T15:35:42.782,v4621,21C18001,9,1,10,10,210,0,,DAA
1789040142964,2026-09-10T15:35:42.965,v4621,21C28001,9,1,10,10,179,0,,DAA
1789040143177,2026-09-10T15:35:43.177,v4621,21CA8001,9,1,10,10,206,0,,DAA
1789040143382,2026-09-10T15:35:43.382,v4621,21C08001,9,1,10,10,188,0,,DAA
1789040143561,2026-09-10T15:35:43.562,v4621,21C18001,9,1,10,10,178,0,,DAA
1789040143768,2026-09-10T15:35:43.768,v4621,21C28001,9,1,10,10,206,0,,DAA
1789040143953,2026-09-10T15:35:43.953,v4621,21C48001,9,1,10,10,184,0,,DAA
1789040144132,2026-09-10T15:35:44.132,v4621,21CA8001,9,1,10,10,178,0,,DAA
1789040144341,2026-09-10T15:35:44.341,v4621,21C08001,9,1,10,10,179,0,,DAA
1789040144521,2026-09-10T15:35:44.521,v4621,21C18001,9,1,10,10,179,0,,DAA
1789040144702,2026-09-10T15:35:44.703,v4621,21C28001,9,1,10,10,180,0,,DAA
1789040144882,2026-09-10T15:35:44.882,v4621,21CA8001,9,1,10,10,177,0,,DAA
1789040145063,2026-09-10T15:35:45.064,v4621,21CB8001,9,1,10,10,181,0,,DAA
1789040145244,2026-09-10T15:35:45.244,v4621,21C08001,9,1,10,10,175,0,,DAA
1789040145422,2026-09-10T15:35:45.422,v4621,21C18001,9,1,10,10,177,0,,DAA
1789040145600,2026-09-10T15:35:45.601,v4621,21C28001,9,1,10,10,177,0,,DAA
1789040145783,2026-09-10T15:35:45.784,v4621,21C48001,9,1,10,10,183,0,,DAA
1789040145961,2026-09-10T15:35:45.961,v4621,21CA8001,9,1,10,10,176,0,,DAA
1789040146172,2026-09-10T15:35:46.173,v4621,21C08001,9,1,10,10,185,0,,DAA
1789040146352,2026-09-10T15:35:46.352,v4621,21C18001,9,1,10,10,178,0,,DAA
1789040146533,2026-09-10T15:35:46.533,v4621,21C28001,9,1,10,10,180,0,,DAA
1789040146741,2026-09-10T15:35:46.741,v4621,21CA8001,9,1,10,10,207,0,,DAA
1789040146950,2026-09-10T15:35:46.951,v4621,21C08001,9,1,10,10,185,0,,DAA
1789040147130,2026-09-10T15:35:47.131,v4621,21C18001,9,1,10,10,179,0,,DAA
1789040147313,2026-09-10T15:35:47.313,v4621,21C28001,9,1,10,10,181,0,,DAA
1789040147492,2026-09-10T15:35:47.492,v4621,21C48001,9,1,10,10,178,0,,DAA
1789040147671,2026-09-10T15:35:47.672,v4621,21CA8001,9,1,10,10,178,0,,DAA
1789040147852,2026-09-10T15:35:47.853,v4621,21CB8001,9,1,10,10,180,0,,DAA
1789040148061,2026-09-10T15:35:48.061,v4621,21C08001,9,1,10,10,181,0,,DAA
1789040148240,2026-09-10T15:35:48.241,v4621,21C18001,9,1,10,10,178,0,,DAA
1789040148421,2026-09-10T15:35:48.421,v4621,21C28001,9,1,10,10,179,0,,DAA
1789040148603,2026-09-10T15:35:48.603,v4621,21CA8001,9,1,10,10,181,0,,DAA
1789040148811,2026-09-10T15:35:48.811,v4621,21C08001,9,1,10,10,180,0,,DAA
1789040148991,2026-09-10T15:35:48.992,v4621,21C18001,9,1,10,10,179,0,,DAA
1789040149201,2026-09-10T15:35:49.201,v4621,21C28001,9,1,10,10,208,0,,DAA
1789040149440,2026-09-10T15:35:49.440,v4621,21C48001,9,1,10,10,178,0,,DAA
1789040149624,2026-09-10T15:35:49.624,v4621,21CA8001,9,1,10,10,181,0,,DAA
1789040149831,2026-09-10T15:35:49.832,v4621,21C08001,9,1,10,10,179,0,,DAA
1789040150013,2026-09-10T15:35:50.014,v4621,21C18001,9,1,10,10,178,0,,DAA
1789040150191,2026-09-10T15:35:50.192,v4621,21C28001,9,1,10,10,177,0,,DAA
1789040150372,2026-09-10T15:35:50.372,v4621,21CA8001,9,1,10,10,179,0,,DAA
1789040150553,2026-09-10T15:35:50.553,v4621,21CB8001,9,1,10,10,180,0,,DAA
1789040150761,2026-09-10T15:35:50.762,v4621,21C08001,9,1,10,10,186,0,,DAA
1789040150941,2026-09-10T15:35:50.941,v4621,21C18001,9,1,10,10,178,0,,DAA
1789040151122,2026-09-10T15:35:51.122,v4621,21C28001,9,1,10,10,180,0,,DAA
1789040151301,2026-09-10T15:35:51.302,v4621,21C48001,9,1,10,10,178,0,,DAA
1789040151483,2026-09-10T15:35:51.483,v4621,21CA8001,9,1,10,10,180,0,,DAA
1789040151691,2026-09-10T15:35:51.692,v4621,21C08001,9,1,10,10,187,0,,DAA
1789040151870,2026-09-10T15:35:51.871,v4621,21C18001,9,1,10,10,178,0,,DAA
1789040152080,2026-09-10T15:35:52.081,v4621,21C28001,9,1,10,10,209,0,,DAA
1789040152261,2026-09-10T15:35:52.261,v4621,21CA8001,9,1,10,10,179,0,,DAA
1789040152442,2026-09-10T15:35:52.443,v4621,21C08001,9,1,10,10,161,0,,DAA
1789040152622,2026-09-10T15:35:52.623,v4621,21C18001,9,1,10,10,179,0,,DAA
1789040152803,2026-09-10T15:35:52.804,v4621,21C28001,9,1,10,10,180,0,,DAA
1789040152979,2026-09-10T15:35:52.979,v4621,21C48001,9,1,10,10,174,0,,DAA
1789040153162,2026-09-10T15:35:53.163,v4621,21CA8001,9,1,10,10,182,0,,DAA
1789040153340,2026-09-10T15:35:53.341,v4621,21CB8001,9,1,10,10,177,0,,DAA
1789040153522,2026-09-10T15:35:53.523,v4621,21C08001,9,1,10,10,161,0,,DAA
1789040153703,2026-09-10T15:35:53.704,v4621,21C18001,9,1,10,10,180,0,,DAA
1789040153882,2026-09-10T15:35:53.883,v4621,21C28001,9,1,10,10,178,0,,DAA
1789040154060,2026-09-10T15:35:54.061,v4621,21CA8001,9,1,10,10,177,0,,DAA
1789040154241,2026-09-10T15:35:54.242,v4621,21C08001,9,1,10,10,163,0,,DAA
1789040154422,2026-09-10T15:35:54.423,v4621,21C18001,9,1,10,10,180,0,,DAA
1789040154601,2026-09-10T15:35:54.601,v4621,21C28001,9,1,10,10,177,0,,DAA
1789040154782,2026-09-10T15:35:54.782,v4621,21C48001,9,1,10,10,180,0,,DAA
1789040154959,2026-09-10T15:35:54.960,v4621,21CA8001,9,1,10,10,176,0,,DAA
1789040155142,2026-09-10T15:35:55.142,v4621,21C08001,9,1,10,10,161,0,,DAA
1789040155321,2026-09-10T15:35:55.321,v4621,21C18001,9,1,10,10,178,0,,DAA
1789040155501,2026-09-10T15:35:55.501,v4621,21C28001,9,1,10,10,179,0,,DAA
1789040155710,2026-09-10T15:35:55.710,v4621,21CA8001,9,1,10,10,208,0,,DAA
1789040155890,2026-09-10T15:35:55.891,v4621,21CB8001,9,1,10,10,179,0,,DAA
1789040156074,2026-09-10T15:35:56.074,v4621,21C08001,9,1,10,10,163,0,,DAA
1789040156261,2026-09-10T15:35:56.262,v4621,21C18001,9,2,10,8,177,0,,DAA
1789040157462,2026-09-10T15:35:57.462,v4621,21C28001,0,0,0,0,1200,0,,
